<?xml version="1.0"?>
<Checkpoint Version="9" Minor="0">
	<BUILD_NUMBER Name="2086221"/>
	<FULL_BUILD Name="SW Build 2086221 on Fri Dec 15 20:55:39 MST 2017"/>
	<PRODUCT Name="Vivado v2017.4 (64-bit)"/>
	<Part Name="xc7a35tcsg324-1"/>
	<Top Name="clk_wiz_0"/>
	<DisableAutoIOBuffers Name="1"/>
	<OutOfContext Name="1"/>
	<IpOocRunGenerated Name="1"/>
	<HDPlatform Name="0"/>
	<File Type="XDC_IN_CONTEXT" Name="clk_wiz_0_in_context.xdc" ModTime="1701166104"/>
	<File Type="SHAPE" Name="clk_wiz_0.shape" ModTime="1701166104"/>
	<File Type="EDIF" Name="clk_wiz_0.edf" ModTime="1701166104"/>
	<File Type="VERILOG_STUB" Name="clk_wiz_0_stub.v" ModTime="1701166104"/>
	<File Type="VHDL_STUB" Name="clk_wiz_0_stub.vhdl" ModTime="1701166104"/>
	<File Type="XN" Name="clk_wiz_0.xn" ModTime="1701166104"/>
	<File Type="INCR" Name="clk_wiz_0.incr" ModTime="1701166104"/>
	<File Type="RDA" Name="clk_wiz_0.rda" ModTime="1701166104"/>
	<File Type="REPLAY" Name="clk_wiz_0_iPhysOpt.replay" ModTime="1701166104"/>
	<File Type="WDF" Name="clk_wiz_0.wdf" ModTime="1701166104"/>
</Checkpoint>

