<?xml version="1.0" encoding="UTF-8"?>
<GenRun Id="impl_1" LaunchPart="xc7a35tcsg324-1" LaunchTime="1702860509">
  <File Type="ROUTE-PWR" Name="Heart_top_power_routed.rpt"/>
  <File Type="PA-TCL" Name="Heart_top.tcl"/>
  <File Type="PWROPT-DCP" Name="Heart_top_pwropt.dcp"/>
  <File Type="ROUTE-PWR-SUM" Name="Heart_top_power_summary_routed.pb"/>
  <File Type="REPORTS-TCL" Name="Heart_top_reports.tcl"/>
  <File Type="BG-DRC" Name="Heart_top.drc"/>
  <File Type="OPT-HWDEF" Name="Heart_top.hwdef"/>
  <File Type="OPT-DCP" Name="Heart_top_opt.dcp"/>
  <File Type="OPT-DRC" Name="Heart_top_drc_opted.rpt"/>
  <File Type="PLACE-DCP" Name="Heart_top_placed.dcp"/>
  <File Type="PLACE-IO" Name="Heart_top_io_placed.rpt"/>
  <File Type="PLACE-UTIL" Name="Heart_top_utilization_placed.rpt"/>
  <File Type="PLACE-UTIL-PB" Name="Heart_top_utilization_placed.pb"/>
  <File Type="PLACE-CTRL" Name="Heart_top_control_sets_placed.rpt"/>
  <File Type="PLACE-PRE-SIMILARITY" Name="Heart_top_incremental_reuse_pre_placed.rpt"/>
  <File Type="POSTPLACE-PWROPT-DCP" Name="Heart_top_postplace_pwropt.dcp"/>
  <File Type="PHYSOPT-DCP" Name="Heart_top_physopt.dcp"/>
  <File Type="BG-BIT" Name="Heart_top.bit"/>
  <File Type="ROUTE-ERROR-DCP" Name="Heart_top_routed_error.dcp"/>
  <File Type="ROUTE-DCP" Name="Heart_top_routed.dcp"/>
  <File Type="ROUTE-BLACKBOX-DCP" Name="Heart_top_routed_bb.dcp"/>
  <File Type="ROUTE-DRC" Name="Heart_top_drc_routed.rpt"/>
  <File Type="ROUTE-DRC-PB" Name="Heart_top_drc_routed.pb"/>
  <File Type="ROUTE-DRC-RPX" Name="Heart_top_drc_routed.rpx"/>
  <File Type="BITSTR-MSK" Name="Heart_top.msk"/>
  <File Type="ROUTE-METHODOLOGY-DRC" Name="Heart_top_methodology_drc_routed.rpt"/>
  <File Type="BG-BGN" Name="Heart_top.bgn"/>
  <File Type="ROUTE-METHODOLOGY-DRC-RPX" Name="Heart_top_methodology_drc_routed.rpx"/>
  <File Type="BITSTR-RBT" Name="Heart_top.rbt"/>
  <File Type="ROUTE-METHODOLOGY-DRC-PB" Name="Heart_top_methodology_drc_routed.pb"/>
  <File Type="BG-BIN" Name="Heart_top.bin"/>
  <File Type="ROUTE-PWR-RPX" Name="Heart_top_power_routed.rpx"/>
  <File Type="ROUTE-STATUS" Name="Heart_top_route_status.rpt"/>
  <File Type="ROUTE-STATUS-PB" Name="Heart_top_route_status.pb"/>
  <File Type="ROUTE-TIMINGSUMMARY" Name="Heart_top_timing_summary_routed.rpt"/>
  <File Type="ROUTE-TIMING-PB" Name="Heart_top_timing_summary_routed.pb"/>
  <File Type="ROUTE-TIMING-RPX" Name="Heart_top_timing_summary_routed.rpx"/>
  <File Type="ROUTE-CLK" Name="Heart_top_clock_utilization_routed.rpt"/>
  <File Type="RDI-RDI" Name="Heart_top.vdi"/>
  <File Type="POSTROUTE-PHYSOPT-DCP" Name="Heart_top_postroute_physopt.dcp"/>
  <File Type="POSTROUTE-PHYSOPT-BLACKBOX-DCP" Name="Heart_top_postroute_physopt_bb.dcp"/>
  <File Type="BITSTR-NKY" Name="Heart_top.nky"/>
  <File Type="BITSTR-BMM" Name="Heart_top_bd.bmm"/>
  <File Type="BITSTR-MMI" Name="Heart_top.mmi"/>
  <File Type="BITSTR-LTX" Name="Heart_top.ltx"/>
  <File Type="BITSTR-SYSDEF" Name="Heart_top.sysdef"/>
  <File Type="WBT-USG" Name="usage_statistics_webtalk.html"/>
  <FileSet Name="sources" Type="DesignSrcs" RelSrcDir="$PSRCDIR/sources_1">
    <Filter Type="Srcs"/>
    <File Path="$PSRCDIR/sources_1/ip/xadc_wiz_0/xadc_wiz_0.xci">
      <FileInfo>
        <Attr Name="UsedIn" Val="synthesis"/>
        <Attr Name="UsedIn" Val="implementation"/>
        <Attr Name="UsedIn" Val="simulation"/>
      </FileInfo>
    </File>
    <File Path="$PSRCDIR/sources_1/new/Clock_generation.v">
      <FileInfo>
        <Attr Name="UsedIn" Val="synthesis"/>
        <Attr Name="UsedIn" Val="implementation"/>
        <Attr Name="UsedIn" Val="simulation"/>
      </FileInfo>
    </File>
    <File Path="$PSRCDIR/sources_1/new/Get_adc.v">
      <FileInfo>
        <Attr Name="UsedIn" Val="synthesis"/>
        <Attr Name="UsedIn" Val="implementation"/>
        <Attr Name="UsedIn" Val="simulation"/>
      </FileInfo>
    </File>
    <File Path="$PSRCDIR/sources_1/new/vga_control.v">
      <FileInfo>
        <Attr Name="UsedIn" Val="synthesis"/>
        <Attr Name="UsedIn" Val="implementation"/>
        <Attr Name="UsedIn" Val="simulation"/>
      </FileInfo>
    </File>
    <File Path="$PSRCDIR/sources_1/new/vga_show.v">
      <FileInfo>
        <Attr Name="UsedIn" Val="synthesis"/>
        <Attr Name="UsedIn" Val="implementation"/>
        <Attr Name="UsedIn" Val="simulation"/>
      </FileInfo>
    </File>
    <File Path="$PSRCDIR/sources_1/new/Heart_top.v">
      <FileInfo>
        <Attr Name="UsedIn" Val="synthesis"/>
        <Attr Name="UsedIn" Val="implementation"/>
        <Attr Name="UsedIn" Val="simulation"/>
      </FileInfo>
    </File>
    <Config>
      <Option Name="DesignMode" Val="RTL"/>
      <Option Name="TopModule" Val="Heart_top"/>
      <Option Name="TopAutoSet" Val="TRUE"/>
    </Config>
  </FileSet>
  <FileSet Name="constrs_in" Type="Constrs" RelSrcDir="$PSRCDIR/constrs_1">
    <Filter Type="Constrs"/>
    <File Path="$PSRCDIR/constrs_1/new/heart_top_xdc.xdc">
      <FileInfo>
        <Attr Name="UsedIn" Val="synthesis"/>
        <Attr Name="UsedIn" Val="implementation"/>
      </FileInfo>
    </File>
    <Config>
      <Option Name="TargetConstrsFile" Val="$PSRCDIR/constrs_1/new/heart_top_xdc.xdc"/>
      <Option Name="ConstrsType" Val="XDC"/>
    </Config>
  </FileSet>
  <Strategy Version="1" Minor="2">
    <StratHandle Name="Vivado Implementation Defaults" Flow="Vivado Implementation 2017"/>
    <Step Id="init_design"/>
    <Step Id="opt_design"/>
    <Step Id="power_opt_design"/>
    <Step Id="place_design"/>
    <Step Id="post_place_power_opt_design"/>
    <Step Id="phys_opt_design"/>
    <Step Id="route_design"/>
    <Step Id="post_route_phys_opt_design"/>
    <Step Id="write_bitstream"/>
  </Strategy>
  <BlockFileSet Type="BlockSrcs" Name="blk_mem_gen_0"/>
  <BlockFileSet Type="BlockSrcs" Name="clk_wiz_0"/>
  <BlockFileSet Type="BlockSrcs" Name="ila_0"/>
</GenRun>
